Product Name;Shop Name;Ad URL;Landing Page;First Seen;Last Seen;Price;AliExpress Price;AliExpress Link
Lampe lune 3D lévitation;Lunaria;https://www.facebook.com/ads/library/?id=111;https://lunaria.fr/products/lampe-lune;12/06/2026;01/10/2026;49,90 €;12,40;https://fr.aliexpress.com/item/1001.html
Lampe lune 3D lévitation;DecoNuit;https://www.facebook.com/ads/library/?id=112;https://deconuit.fr/products/lampe-lune;03/07/2026;30/09/2026;54,90 €;12,40;
Lampe lune 3D lévitation;CosyHome;https://www.facebook.com/ads/library/?id=113;https://cosyhome.fr/products/lune;20/08/2026;02/10/2026;44,90 €;;
Organisateur de câbles magnétique;OrgaDesk;https://www.facebook.com/ads/library/?id=211;https://orgadesk.fr/products/cable;15/09/2026;02/10/2026;34,90 €;6,10;https://fr.aliexpress.com/item/2002.html
Brosse anti-poils réutilisable pour animaux;PetClean;https://www.facebook.com/ads/library/?id=311;https://petclean.fr/products/brosse;02/05/2026;01/10/2026;39,90 €;7,80;https://fr.aliexpress.com/item/3003.html
Brosse anti-poils réutilisable pour animaux;Poilu&Co;https://www.facebook.com/ads/library/?id=312;https://poiluco.fr/products/brosse;10/05/2026;01/10/2026;37,90 €;7,80;
Brosse anti-poils réutilisable pour animaux;AnimoShop;https://www.facebook.com/ads/library/?id=313;https://animoshop.fr/products/brosse;20/06/2026;29/09/2026;42,00 €;;
Brosse anti-poils réutilisable pour animaux;HappyPaws;https://www.facebook.com/ads/library/?id=314;https://happypaws.fr/p/brosse;01/07/2026;30/09/2026;39,00 €;;
Sérum anti-âge à la vitamine C;BeautyLab;https://www.facebook.com/ads/library/?id=411;https://beautylab.fr/serum;01/09/2026;01/10/2026;39,90 €;3,20;
